part_nr;participant_name;date_and_time;time_on_screen;time_since_last_pop;xyY(x);xyY(y);xyY(Y);P3_R;P3_G;P3_B;base_P3_x;base_P3_y;base_P3_Y;base_P3_R;base_P3_G;base_P3_B;differentiated?;distance_to_base_xyY;distamce_to_base_P3;lvl_nr;stage_nr;part_age;part_sex;part_eye_correct;part_nearfar;part_eye_color;part_birth;part_reciding;place_on_screen(x);place_on_screen(y)
;;2/24/2025 12:38:28 PM;11.82008;94.55614;0.4240206;0.3362808;0.2900618;0.7717977;0.4955857;0.4720062;0.4273072;0.3362808;0.2900618;0.7768185;0.4927848;0.4689972;True;0.0032866;1.031536;1;0;;;;;;;;-8.97;2.29
;;2/24/2025 12:38:28 PM;12.14009;2.559998;0.4255072;0.3362808;0.2900618;0.774074;0.4943213;0.4706482;0.4273072;0.3362808;0.2900618;0.7768185;0.4927848;0.4689972;False;0.001800001;1.032014;1;0;;;;;;;;-5.17;0.64
;;2/24/2025 12:38:28 PM;12.14009;2.559998;0.4276607;0.3366343;0.2900618;0.7769097;0.4928125;0.4680661;0.4273072;0.3362808;0.2900618;0.7768185;0.4927848;0.4689972;False;0.0004999881;1.032249;1;0;;;;;;;;-3.15;-0.48
;;2/24/2025 12:38:28 PM;12.14009;2.559998;0.4191721;0.3362808;0.2900618;0.7643121;0.4996816;0.4764015;0.4273072;0.3362808;0.2900618;0.7768185;0.4927848;0.4689972;False;0.008135021;1.029958;1;0;;;;;;;;1.24;3.69
;;2/24/2025 12:38:28 PM;12.14009;2.559998;0.4273072;0.3357808;0.2900618;0.7774503;0.4923169;0.4698545;0.4273072;0.3362808;0.2900618;0.7768185;0.4927848;0.4689972;False;0.0004999936;1.033232;1;0;;;;;;;;1.08;0.14
;;2/24/2025 12:38:28 PM;12.14009;2.559998;0.4227299;0.340858;0.2900618;0.7641119;0.5007824;0.465391;0.4273072;0.3362808;0.2900618;0.7768185;0.4927848;0.4689972;False;0.00647325;1.025299;1;0;;;;;;;;-9.03;-2.37
;;2/24/2025 12:38:28 PM;12.14009;2.559998;0.4273072;0.3380808;0.2900618;0.7745537;0.4944532;0.4659159;0.4273072;0.3362808;0.2900618;0.7768185;0.4927848;0.4689972;False;0.001800001;1.030289;1;0;;;;;;;;-4.96;3.7
;;2/24/2025 12:38:28 PM;12.14009;2.559998;0.4307387;0.3328493;0.2900618;0.7863922;0.4865321;0.4717425;0.4273072;0.3362808;0.2900618;0.7768185;0.4927848;0.4689972;False;0.004852872;1.038107;1;0;;;;;;;;-4.639999;-3.23
;;2/24/2025 12:38:29 PM;0.08;0.6399999;0.42858;0.335008;0.2900618;0.7803645;0.4904922;0.4700113;0.4273072;0.3362808;0.2900618;0.7768185;0.4927848;0.4689972;True;0.001800008;1.034631;1;0;;;;;;;;-8.97;2.29
;;2/24/2025 12:38:29 PM;0.4;2.559998;0.4273072;0.3329942;0.2900618;0.7809942;0.4896729;0.4746432;0.4273072;0.3362808;0.2900618;0.7768185;0.4927848;0.4689972;False;0.0032866;1.036831;1;0;;;;;;;;-5.17;0.64
;;2/24/2025 12:38:29 PM;0.4;2.559998;0.4291072;0.3362808;0.2900618;0.7795503;0.4912422;0.467339;0.4273072;0.3362808;0.2900618;0.7768185;0.4927848;0.4689972;False;0.001800001;1.033162;1;0;;;;;;;;-3.15;-0.48
;;2/24/2025 12:38:29 PM;0.4;2.559998;0.4342584;0.343232;0.2900618;0.7785772;0.4933196;0.450615;0.4273072;0.3362808;0.2900618;0.7768185;0.4927848;0.4689972;False;0.009830584;1.025963;1;0;;;;;;;;1.24;3.69
;;2/24/2025 12:38:29 PM;0.4;2.559998;0.4354776;0.3444512;0.2900618;0.7788779;0.4934111;0.4473723;0.4273072;0.3362808;0.2900618;0.7768185;0.4927848;0.4689972;False;0.01155481;1.024816;1;0;;;;;;;;1.08;0.14
;;2/24/2025 12:38:29 PM;0.4;2.559998;0.4273072;0.3380808;0.2900618;0.7745537;0.4944532;0.4659159;0.4273072;0.3362808;0.2900618;0.7768185;0.4927848;0.4689972;False;0.001800001;1.030289;1;0;;;;;;;;-9.03;-2.37
;;2/24/2025 12:38:29 PM;0.4;2.559998;0.4140033;0.3362808;0.2900618;0.756225;0.5040022;0.4810321;0.4273072;0.3362808;0.2900618;0.7768185;0.4927848;0.4689972;False;0.01330391;1.028244;1;0;;;;;;;;-4.96;3.7
;;2/24/2025 12:38:29 PM;0.4;2.559998;0.4273072;0.3314279;0.2900618;0.783003;0.4881591;0.4773434;0.4273072;0.3362808;0.2900618;0.7768185;0.4927848;0.4689972;False;0.004852891;1.03887;1;0;;;;;;;;-4.639999;-3.23
;;2/24/2025 12:38:29 PM;0.06;0.4800001;0.4269536;0.3366343;0.2900618;0.7758344;0.4934162;0.4687164;0.4273072;0.3362808;0.2900618;0.7768185;0.4927848;0.4689972;True;0.0004999881;1.032024;1;0;;;;;;;;-8.97;2.29
;;2/24/2025 12:38:29 PM;0.36;2.399998;0.4269536;0.3359272;0.2900618;0.7767269;0.4927569;0.469928;0.4273072;0.3362808;0.2900618;0.7768185;0.4927848;0.4689972;False;0.0004999881;1.032931;1;0;;;;;;;;-5.17;0.64
;;2/24/2025 12:38:29 PM;0.36;2.399998;0.4273072;0.3411337;0.2900618;0.7707475;0.497227;0.4607064;0.4273072;0.3362808;0.2900618;0.7768185;0.4927848;0.4689972;False;0.004852891;1.026419;1;0;;;;;;;;-3.15;-0.48
;;2/24/2025 12:38:29 PM;0.36;2.399998;0.4273072;0.3281457;0.2900618;0.7872522;0.4849205;0.4830221;0.4273072;0.3362808;0.2900618;0.7768185;0.4927848;0.4689972;False;0.008135021;1.04318;1;0;;;;;;;;1.24;3.69
;;2/24/2025 12:38:29 PM;0.36;2.399998;0.43216;0.3362808;0.2900618;0.7841552;0.488612;0.4645096;0.4273072;0.3362808;0.2900618;0.7768185;0.4927848;0.4689972;False;0.004852891;1.034123;1;0;;;;;;;;1.08;0.14
;;2/24/2025 12:38:29 PM;0.36;2.399998;0.4337804;0.3362808;0.2900618;0.7865851;0.4872086;0.462999;0.4273072;0.3362808;0.2900618;0.7768185;0.4927848;0.4689972;False;0.006473243;1.034629;1;0;;;;;;;;-9.03;-2.37
;;2/24/2025 12:38:29 PM;0.36;2.399998;0.4249832;0.3386047;0.2900618;0.7703583;0.4968926;0.4671584;0.4273072;0.3362808;0.2900618;0.7768185;0.4927848;0.4689972;False;0.003286611;1.028879;1;0;;;;;;;;-4.96;3.7
;;2/24/2025 12:38:29 PM;0.36;2.399998;0.4371378;0.3362808;0.2900618;0.7915886;0.4842847;0.4598495;0.4273072;0.3362808;0.2900618;0.7768185;0.4927848;0.4689972;False;0.009830594;1.035667;1;0;;;;;;;;-4.639999;-3.23
;;2/24/2025 12:38:30 PM;0.06;0.4800001;0.4215548;0.3305284;0.2900618;0.7753029;0.4923246;0.4841016;0.4273072;0.3362808;0.2900618;0.7768185;0.4927848;0.4689972;True;0.008135016;1.038187;1;0;;;;;;;;-8.97;2.29
;;2/24/2025 12:38:30 PM;0.36;2.399998;0.4273072;0.3495847;0.2900618;0.7604353;0.5045584;0.4463838;0.4273072;0.3362808;0.2900618;0.7768185;0.4927848;0.4689972;False;0.01330391;1.015923;1;0;;;;;;;;-5.17;0.64
;;2/24/2025 12:38:30 PM;0.36;2.399998;0.4224543;0.3362808;0.2900618;0.7693899;0.4969136;0.4734317;0.4273072;0.3362808;0.2900618;0.7768185;0.4927848;0.4689972;False;0.004852891;1.031029;1;0;;;;;;;;-3.15;-0.48
;;2/24/2025 12:38:30 PM;0.36;2.399998;0.4276607;0.3359272;0.2900618;0.7778028;0.4921511;0.4692784;0.4273072;0.3362808;0.2900618;0.7768185;0.4927848;0.4689972;False;0.0004999881;1.033156;1;0;;;;;;;;1.24;3.69
;;2/24/2025 12:38:30 PM;0.36;2.399998;0.4224543;0.3362808;0.2900618;0.7693899;0.4969136;0.4734317;0.4273072;0.3362808;0.2900618;0.7768185;0.4927848;0.4689972;False;0.004852891;1.031029;1;0;;;;;;;;1.08;0.14
;;2/24/2025 12:38:30 PM;0.36;2.399998;0.4260344;0.335008;0.2900618;0.7764879;0.4926844;0.4723465;0.4273072;0.3362808;0.2900618;0.7768185;0.4927848;0.4689972;False;0.001800008;1.033819;1;0;;;;;;;;-9.03;-2.37
;;2/24/2025 12:38:30 PM;0.36;2.399998;0.4296311;0.3386047;0.2900618;0.777415;0.4929661;0.4628698;0.4273072;0.3362808;0.2900618;0.7768185;0.4927848;0.4689972;False;0.003286611;1.030358;1;0;;;;;;;;-4.96;3.7
;;2/24/2025 12:38:30 PM;0.36;2.399998;0.4330595;0.3305284;0.2900618;0.7928922;0.4821703;0.4736198;0.4273072;0.3362808;0.2900618;0.7768185;0.4927848;0.4689972;False;0.008135016;1.041865;1;0;;;;;;;;-4.639999;-3.23
;;2/24/2025 12:38:30 PM;0.12;0.9599996;0.4276607;0.3359272;0.2900618;0.7778028;0.4921511;0.4692784;0.4273072;0.3362808;0.2900618;0.7768185;0.4927848;0.4689972;True;0.0004999881;1.033156;1;0;;;;;;;;-8.97;2.29
;;2/24/2025 12:38:31 PM;0.42;2.399998;0.4273072;0.3281457;0.2900618;0.7872522;0.4849205;0.4830221;0.4273072;0.3362808;0.2900618;0.7768185;0.4927848;0.4689972;False;0.008135021;1.04318;1;0;;;;;;;;-5.17;0.64
;;2/24/2025 12:38:31 PM;0.42;2.399998;0.4296311;0.3386047;0.2900618;0.777415;0.4929661;0.4628698;0.4273072;0.3362808;0.2900618;0.7768185;0.4927848;0.4689972;False;0.003286611;1.030358;1;0;;;;;;;;-3.15;-0.48
;;2/24/2025 12:38:31 PM;0.42;2.399998;0.4249832;0.3339568;0.2900618;0.7762129;0.4926009;0.4751092;0.4273072;0.3362808;0.2900618;0.7768185;0.4927848;0.4689972;False;0.003286611;1.034839;1;0;;;;;;;;1.24;3.69
;;2/24/2025 12:38:31 PM;0.42;2.399998;0.4255072;0.3362808;0.2900618;0.774074;0.4943213;0.4706482;0.4273072;0.3362808;0.2900618;0.7768185;0.4927848;0.4689972;False;0.001800001;1.032014;1;0;;;;;;;;1.08;0.14
;;2/24/2025 12:38:31 PM;0.42;2.399998;0.4178999;0.3268735;0.2900618;0.7743102;0.4920235;0.493663;0.4273072;0.3362808;0.2900618;0.7768185;0.4927848;0.4689972;False;0.01330391;1.0418;1;0;;;;;;;;-9.03;-2.37
;;2/24/2025 12:38:31 PM;0.42;2.399998;0.4278072;0.3362808;0.2900618;0.7775785;0.4923569;0.4685374;0.4273072;0.3362808;0.2900618;0.7768185;0.4927848;0.4689972;False;0.0004999936;1.032749;1;0;;;;;;;;-4.96;3.7
;;2/24/2025 12:38:31 PM;0.42;2.399998;0.4273072;0.342754;0.2900618;0.7687451;0.4986714;0.4579495;0.4273072;0.3362808;0.2900618;0.7768185;0.4927848;0.4689972;False;0.006473243;1.024383;1;0;;;;;;;;-4.639999;-3.23
;;2/24/2025 12:38:31 PM;0.09999999;0.7999998;0.4178999;0.345688;0.2900618;0.7507752;0.5088276;0.4616525;0.4273072;0.3362808;0.2900618;0.7768185;0.4927848;0.4689972;True;0.01330391;1.017689;1;0;;;;;;;;-8.97;2.29
;;2/24/2025 12:38:31 PM;0.4;2.399998;0.4273072;0.3329942;0.2900618;0.7809942;0.4896729;0.4746432;0.4273072;0.3362808;0.2900618;0.7768185;0.4927848;0.4689972;False;0.0032866;1.036831;1;0;;;;;;;;-5.17;0.64
;;2/24/2025 12:38:31 PM;0.4;2.399998;0.4178999;0.3268735;0.2900618;0.7743102;0.4920235;0.493663;0.4273072;0.3362808;0.2900618;0.7768185;0.4927848;0.4689972;False;0.01330391;1.0418;1;0;;;;;;;;-3.15;-0.48
;;2/24/2025 12:38:31 PM;0.4;2.399998;0.4367144;0.3268735;0.2900618;0.8031727;0.4750701;0.4766111;0.4273072;0.3362808;0.2900618;0.7768185;0.4927848;0.4689972;False;0.01330391;1.047825;1;0;;;;;;;;1.24;3.69
;;2/24/2025 12:38:31 PM;0.4;2.399998;0.4174766;0.3362808;0.2900618;0.7616715;0.5011042;0.4779268;0.4273072;0.3362808;0.2900618;0.7768185;0.4927848;0.4689972;False;0.009830594;1.029399;1;0;;;;;;;;1.08;0.14
;;2/24/2025 12:38:31 PM;0.4;2.399998;0.4367144;0.345688;0.2900618;0.7791805;0.4935032;0.4440763;0.4273072;0.3362808;0.2900618;0.7768185;0.4927848;0.4689972;False;0.01330391;1.023656;1;0;;;;;;;;-9.03;-2.37
;;2/24/2025 12:38:31 PM;0.4;2.399998;0.4273072;0.3344808;0.2900618;0.7790989;0.4910911;0.4720862;0.4273072;0.3362808;0.2900618;0.7768185;0.4927848;0.4689972;False;0.001800001;1.034906;1;0;;;;;;;;-4.96;3.7
;;2/24/2025 12:38:31 PM;0.4;2.399998;0.4238757;0.3397123;0.2900618;0.7672861;0.4988157;0.4662878;0.4273072;0.3362808;0.2900618;0.7768185;0.4927848;0.4689972;False;0.004852872;1.027117;1;0;;;;;;;;-4.639999;-3.23
;;2/24/2025 12:38:32 PM;0.4800001;3.839997;0.4238757;0.3397123;0.2900618;0.7672861;0.4988157;0.4662878;0.4273072;0.3362808;0.2900618;0.7768185;0.4927848;0.4689972;True;0.004852872;1.027117;1;0;;;;;;;;-8.97;2.29
;;2/24/2025 12:38:32 PM;0.7799998;2.399998;0.4191721;0.3362808;0.2900618;0.7643121;0.4996816;0.4764015;0.4273072;0.3362808;0.2900618;0.7768185;0.4927848;0.4689972;False;0.008135021;1.029958;1;0;;;;;;;;-5.17;0.64
;;2/24/2025 12:38:32 PM;0.7799998;2.399998;0.4178999;0.345688;0.2900618;0.7507752;0.5088276;0.4616525;0.4273072;0.3362808;0.2900618;0.7768185;0.4927848;0.4689972;False;0.01330391;1.017689;1;0;;;;;;;;-3.15;-0.48
;;2/24/2025 12:38:32 PM;0.7799998;2.399998;0.4342585;0.3293295;0.2900618;0.7962586;0.479873;0.4745964;0.4273072;0.3362808;0.2900618;0.7768185;0.4927848;0.4689972;False;0.009830605;1.043814;1;0;;;;;;;;1.24;3.69
;;2/24/2025 12:38:32 PM;0.7799998;2.399998;0.4157524;0.3362808;0.2900618;0.7589741;0.5025454;0.4794714;0.4273072;0.3362808;0.2900618;0.7768185;0.4927848;0.4689972;False;0.01155481;1.028828;1;0;;;;;;;;1.08;0.14
;;2/24/2025 12:38:32 PM;0.7799998;2.399998;0.4318844;0.3317035;0.2900618;0.7895985;0.4843925;0.4726672;0.4273072;0.3362808;0.2900618;0.7768185;0.4927848;0.4689972;False;0.00647325;1.03996;1;0;;;;;;;;-9.03;-2.37
;;2/24/2025 12:38:32 PM;0.7799998;2.399998;0.4273072;0.324726;0.2900618;0.7917384;0.4814464;0.4889705;0.4273072;0.3362808;0.2900618;0.7768185;0.4927848;0.4689972;False;0.01155481;1.047727;1;0;;;;;;;;-4.96;3.7
;;2/24/2025 12:38:32 PM;0.7799998;2.399998;0.4273072;0.3229769;0.2900618;0.7940566;0.4796285;0.492026;0.4273072;0.3362808;0.2900618;0.7768185;0.4927848;0.4689972;False;0.01330391;1.050076;1;0;;;;;;;;-4.639999;-3.23
;;2/24/2025 12:38:33 PM;0.14;1.12;0.4276607;0.3366343;0.2900618;0.7769097;0.4928125;0.4680661;0.4273072;0.3362808;0.2900618;0.7768185;0.4927848;0.4689972;True;0.0004999881;1.032249;1;0;;;;;;;;-8.97;2.29
;;2/24/2025 12:38:33 PM;0.4;2.079999;0.4208339;0.3362808;0.2900618;0.7668886;0.4982826;0.4749008;0.4273072;0.3362808;0.2900618;0.7768185;0.4927848;0.4689972;False;0.006473243;1.030502;1;0;;;;;;;;-5.17;0.64
;;2/24/2025 12:38:33 PM;0.4;2.079999;0.4273072;0.3478356;0.2900618;0.7625433;0.5030811;0.4493372;0.4273072;0.3362808;0.2900618;0.7768185;0.4927848;0.4689972;False;0.01155481;1.01807;1;0;;;;;;;;-3.15;-0.48
;;2/24/2025 12:38:33 PM;0.4;2.079999;0.4249832;0.3339568;0.2900618;0.7762129;0.4926009;0.4751092;0.4273072;0.3362808;0.2900618;0.7768185;0.4927848;0.4689972;False;0.003286611;1.034839;1;0;;;;;;;;1.24;3.69
;;2/24/2025 12:38:33 PM;0.4;2.079999;0.4330595;0.3305284;0.2900618;0.7928922;0.4821703;0.4736198;0.4273072;0.3362808;0.2900618;0.7768185;0.4927848;0.4689972;False;0.008135016;1.041865;1;0;;;;;;;;1.08;0.14
;;2/24/2025 12:38:33 PM;0.4;2.079999;0.4273072;0.3461114;0.2900618;0.7646345;0.5016048;0.4522539;0.4273072;0.3362808;0.2900618;0.7768185;0.4927848;0.4689972;False;0.009830594;1.020199;1;0;;;;;;;;-9.03;-2.37
;;2/24/2025 12:38:33 PM;0.4;2.079999;0.4330595;0.3420331;0.2900618;0.7782793;0.4932289;0.4537979;0.4273072;0.3362808;0.2900618;0.7768185;0.4927848;0.4689972;False;0.008135016;1.027096;1;0;;;;;;;;-4.96;3.7
;;2/24/2025 12:38:33 PM;0.4;2.079999;0.4273072;0.3362808;0.2900618;0.7768184;0.4927848;0.4689972;0.4273072;0.3362808;0.2900618;0.7768185;0.4927848;0.4689972;False;0;1.03259;1;0;;;;;;;;-4.639999;-3.23
;;2/24/2025 12:38:33 PM;0.12;0.9599996;0.4273072;0.3478356;0.2900618;0.7625433;0.5030811;0.4493372;0.4273072;0.3362808;0.2900618;0.7768185;0.4927848;0.4689972;True;0.01155481;1.01807;1;0;;;;;;;;-8.97;2.29
;;2/24/2025 12:38:34 PM;0.4600001;2.719998;0.4157524;0.3362808;0.2900618;0.7589741;0.5025454;0.4794714;0.4273072;0.3362808;0.2900618;0.7768185;0.4927848;0.4689972;False;0.01155481;1.028828;1;0;;;;;;;;-5.17;0.64
;;2/24/2025 12:38:34 PM;0.4600001;2.719998;0.4260344;0.3375536;0.2900618;0.7732781;0.4950469;0.4679882;0.4273072;0.3362808;0.2900618;0.7768185;0.4927848;0.4689972;False;0.001800008;1.030555;1;0;;;;;;;;-3.15;-0.48
;;2/24/2025 12:38:34 PM;0.4600001;2.719998;0.4318844;0.340858;0.2900618;0.7779852;0.4931395;0.456912;0.4273072;0.3362808;0.2900618;0.7768185;0.4927848;0.4689972;False;0.00647325;1.02821;1;0;;;;;;;;1.24;3.69
;;2/24/2025 12:38:34 PM;0.4600001;2.719998;0.4268072;0.3362808;0.2900618;0.7760574;0.4932122;0.4694566;0.4273072;0.3362808;0.2900618;0.7768185;0.4927848;0.4689972;False;0.0004999936;1.032431;1;0;;;;;;;;1.08;0.14
;;2/24/2025 12:38:34 PM;0.4600001;2.719998;0.4203559;0.3293295;0.2900618;0.7749799;0.4922266;0.4872406;0.4273072;0.3362808;0.2900618;0.7768185;0.4927848;0.4689972;False;0.009830605;1.039367;1;0;;;;;;;;-9.03;-2.37
;;2/24/2025 12:38:34 PM;0.4600001;2.719998;0.4273072;0.3357808;0.2900618;0.7774503;0.4923169;0.4698545;0.4273072;0.3362808;0.2900618;0.7768185;0.4927848;0.4689972;False;0.0004999936;1.033232;1;0;;;;;;;;-4.96;3.7
;;2/24/2025 12:38:34 PM;0.4600001;2.719998;0.4238757;0.3328493;0.2900618;0.7759212;0.4925123;0.4780171;0.4273072;0.3362808;0.2900618;0.7768185;0.4927848;0.4689972;False;0.004852872;1.035916;1;0;;;;;;;;-4.639999;-3.23
;;2/24/2025 12:38:34 PM;0.04;0.32;0.4273072;0.3395674;0.2900618;0.7726948;0.4958126;0.4633766;0.4273072;0.3362808;0.2900618;0.7768185;0.4927848;0.4689972;True;0.0032866;1.028399;1;0;;;;;;;;-8.97;2.29
;;2/24/2025 12:38:34 PM;0.4;2.879998;0.4215548;0.3420331;0.2900618;0.7608609;0.5027755;0.4644753;0.4273072;0.3362808;0.2900618;0.7768185;0.4927848;0.4689972;False;0.008135016;1.02344;1;0;;;;;;;;-5.17;0.64
;;2/24/2025 12:38:34 PM;0.4;2.879998;0.4227299;0.340858;0.2900618;0.7641119;0.5007824;0.465391;0.4273072;0.3362808;0.2900618;0.7768185;0.4927848;0.4689972;False;0.00647325;1.025299;1;0;;;;;;;;-3.15;-0.48
;;2/24/2025 12:38:34 PM;0.4;2.879998;0.4215548;0.3305284;0.2900618;0.7753029;0.4923246;0.4841016;0.4273072;0.3362808;0.2900618;0.7768185;0.4927848;0.4689972;False;0.008135016;1.038187;1;0;;;;;;;;1.24;3.69
;;2/24/2025 12:38:34 PM;0.4;2.879998;0.4273072;0.3411337;0.2900618;0.7707475;0.497227;0.4607064;0.4273072;0.3362808;0.2900618;0.7768185;0.4927848;0.4689972;False;0.004852891;1.026419;1;0;;;;;;;;1.08;0.14
;;2/24/2025 12:38:34 PM;0.4;2.879998;0.4273072;0.3229769;0.2900618;0.7940566;0.4796285;0.492026;0.4273072;0.3362808;0.2900618;0.7768185;0.4927848;0.4689972;False;0.01330391;1.050076;1;0;;;;;;;;-9.03;-2.37
;;2/24/2025 12:38:34 PM;0.4;2.879998;0.4278072;0.3362808;0.2900618;0.7775785;0.4923569;0.4685374;0.4273072;0.3362808;0.2900618;0.7768185;0.4927848;0.4689972;False;0.0004999936;1.032749;1;0;;;;;;;;-4.96;3.7
;;2/24/2025 12:38:34 PM;0.4;2.879998;0.4268072;0.3362808;0.2900618;0.7760574;0.4932122;0.4694566;0.4273072;0.3362808;0.2900618;0.7768185;0.4927848;0.4689972;False;0.0004999936;1.032431;1;0;;;;;;;;-4.639999;-3.23
;;2/24/2025 12:38:34 PM;0.14;1.12;0.4305938;0.3362808;0.2900618;0.7817971;0.4899636;0.465964;0.4273072;0.3362808;0.2900618;0.7768185;0.4927848;0.4689972;True;0.0032866;1.033631;1;0;;;;;;;;-8.97;2.29
;;2/24/2025 12:38:35 PM;0.4600001;2.559998;0.4208339;0.3362808;0.2900618;0.7668886;0.4982826;0.4749008;0.4273072;0.3362808;0.2900618;0.7768185;0.4927848;0.4689972;False;0.006473243;1.030502;1;0;;;;;;;;-5.17;0.64
;;2/24/2025 12:38:35 PM;0.4600001;2.559998;0.4291072;0.3362808;0.2900618;0.7795503;0.4912422;0.467339;0.4273072;0.3362808;0.2900618;0.7768185;0.4927848;0.4689972;False;0.001800001;1.033162;1;0;;;;;;;;-3.15;-0.48
;;2/24/2025 12:38:35 PM;0.4600001;2.559998;0.4318844;0.3317035;0.2900618;0.7895985;0.4843925;0.4726672;0.4273072;0.3362808;0.2900618;0.7768185;0.4927848;0.4689972;False;0.00647325;1.03996;1;0;;;;;;;;1.24;3.69
;;2/24/2025 12:38:35 PM;0.4600001;2.559998;0.4273072;0.324726;0.2900618;0.7917384;0.4814464;0.4889705;0.4273072;0.3362808;0.2900618;0.7768185;0.4927848;0.4689972;False;0.01155481;1.047727;1;0;;;;;;;;1.08;0.14
;;2/24/2025 12:38:35 PM;0.4600001;2.559998;0.4273072;0.3367808;0.2900618;0.7761878;0.4932507;0.4681406;0.4273072;0.3362808;0.2900618;0.7768185;0.4927848;0.4689972;False;0.0004999936;1.031949;1;0;;;;;;;;-9.03;-2.37
;;2/24/2025 12:38:35 PM;0.4600001;2.559998;0.4273072;0.3264502;0.2900618;0.789469;0.483211;0.4859673;0.4273072;0.3362808;0.2900618;0.7768185;0.4927848;0.4689972;False;0.009830594;1.045427;1;0;;;;;;;;-4.96;3.7
;;2/24/2025 12:38:35 PM;0.4600001;2.559998;0.4273072;0.342754;0.2900618;0.7687451;0.4986714;0.4579495;0.4273072;0.3362808;0.2900618;0.7768185;0.4927848;0.4689972;False;0.006473243;1.024383;1;0;;;;;;;;-4.639999;-3.23
;;2/24/2025 12:38:35 PM;0.16;1.279999;0.4296311;0.3339568;0.2900618;0.7832974;0.4885753;0.4708525;0.4273072;0.3362808;0.2900618;0.7768185;0.4927848;0.4689972;True;0.003286611;1.036322;1;0;;;;;;;;-8.97;2.29
;;2/24/2025 12:38:36 PM;0.56;3.199998;0.4174766;0.3362808;0.2900618;0.7616715;0.5011042;0.4779268;0.4273072;0.3362808;0.2900618;0.7768185;0.4927848;0.4689972;False;0.009830594;1.029399;1;0;;;;;;;;-5.17;0.64
;;2/24/2025 12:38:36 PM;0.56;3.199998;0.4240206;0.3362808;0.2900618;0.7717977;0.4955857;0.4720062;0.4273072;0.3362808;0.2900618;0.7768185;0.4927848;0.4689972;False;0.0032866;1.031536;1;0;;;;;;;;-3.15;-0.48
;;2/24/2025 12:38:36 PM;0.56;3.199998;0.4318844;0.340858;0.2900618;0.7779852;0.4931395;0.456912;0.4273072;0.3362808;0.2900618;0.7768185;0.4927848;0.4689972;False;0.00647325;1.02821;1;0;;;;;;;;1.24;3.69
;;2/24/2025 12:38:36 PM;0.56;3.199998;0.4296311;0.3339568;0.2900618;0.7832974;0.4885753;0.4708525;0.4273072;0.3362808;0.2900618;0.7768185;0.4927848;0.4689972;False;0.003286611;1.036322;1;0;;;;;;;;1.08;0.14
;;2/24/2025 12:38:36 PM;0.56;3.199998;0.4273072;0.3461114;0.2900618;0.7646345;0.5016048;0.4522539;0.4273072;0.3362808;0.2900618;0.7768185;0.4927848;0.4689972;False;0.009830594;1.020199;1;0;;;;;;;;-9.03;-2.37
;;2/24/2025 12:38:36 PM;0.56;3.199998;0.4227299;0.3317035;0.2900618;0.7756171;0.49242;0.4810224;0.4273072;0.3362808;0.2900618;0.7768185;0.4927848;0.4689972;False;0.00647325;1.037035;1;0;;;;;;;;-4.96;3.7
;;2/24/2025 12:38:36 PM;0.56;3.199998;0.4273072;0.3362808;0.2900618;0.7768184;0.4927848;0.4689972;0.4273072;0.3362808;0.2900618;0.7768185;0.4927848;0.4689972;False;0;1.03259;1;0;;;;;;;;-4.639999;-3.23
;;2/24/2025 12:38:36 PM;0.28;2.239999;0.4371378;0.3362808;0.2900618;0.7915886;0.4842847;0.4598495;0.4273072;0.3362808;0.2900618;0.7768185;0.4927848;0.4689972;True;0.009830594;1.035667;1;0;;;;;;;;-8.97;2.29
;;2/24/2025 12:38:37 PM;0.9599996;5.439996;0.4203559;0.343232;0.2900618;0.7575482;0.5047852;0.4635451;0.4273072;0.3362808;0.2900618;0.7768185;0.4927848;0.4689972;False;0.009830584;1.021549;1;0;;;;;;;;-5.17;0.64
;;2/24/2025 12:38:37 PM;0.9599996;5.439996;0.4203559;0.343232;0.2900618;0.7575482;0.5047852;0.4635451;0.4273072;0.3362808;0.2900618;0.7768185;0.4927848;0.4689972;False;0.009830584;1.021549;1;0;;;;;;;;-3.15;-0.48
;;2/24/2025 12:38:37 PM;0.9599996;5.439996;0.4273072;0.3314279;0.2900618;0.783003;0.4881591;0.4773434;0.4273072;0.3362808;0.2900618;0.7768185;0.4927848;0.4689972;False;0.004852891;1.03887;1;0;;;;;;;;1.24;3.69
;;2/24/2025 12:38:37 PM;0.9599996;5.439996;0.4191367;0.3444512;0.2900618;0.7541837;0.5068042;0.4626033;0.4273072;0.3362808;0.2900618;0.7768185;0.4927848;0.4689972;False;0.01155481;1.01963;1;0;;;;;;;;1.08;0.14
;;2/24/2025 12:38:37 PM;0.9599996;5.439996;0.4273072;0.3444158;0.2900618;0.7667041;0.5001332;0.4551276;0.4273072;0.3362808;0.2900618;0.7768185;0.4927848;0.4689972;False;0.008135021;1.022306;1;0;;;;;;;;-9.03;-2.37
;;2/24/2025 12:38:37 PM;0.9599996;5.439996;0.438862;0.3362808;0.2900618;0.7941422;0.4827743;0.4582214;0.4273072;0.3362808;0.2900618;0.7768185;0.4927848;0.4689972;False;0.01155481;1.036195;1;0;;;;;;;;-4.96;3.7
;;2/24/2025 12:38:37 PM;0.9599996;5.439996;0.4191367;0.3444512;0.2900618;0.7541837;0.5068042;0.4626033;0.4273072;0.3362808;0.2900618;0.7768185;0.4927848;0.4689972;False;0.01155481;1.01963;1;0;;;;;;;;-4.639999;-3.23
;;2/24/2025 12:38:37 PM;0.5000001;3.999997;0.4249832;0.3386047;0.2900618;0.7703583;0.4968926;0.4671584;0.4273072;0.3362808;0.2900618;0.7768185;0.4927848;0.4689972;True;0.003286611;1.028879;1;0;;;;;;;;-8.97;2.29
;;2/24/2025 12:38:38 PM;0.8599997;2.879998;0.4260344;0.3375536;0.2900618;0.7732781;0.4950469;0.4679882;0.4273072;0.3362808;0.2900618;0.7768185;0.4927848;0.4689972;False;0.001800008;1.030555;1;0;;;;;;;;-5.17;0.64
;;2/24/2025 12:38:38 PM;0.8599997;2.879998;0.4273072;0.3444158;0.2900618;0.7667041;0.5001332;0.4551276;0.4273072;0.3362808;0.2900618;0.7768185;0.4927848;0.4689972;False;0.008135021;1.022306;1;0;;;;;;;;-3.15;-0.48
;;2/24/2025 12:38:38 PM;0.8599997;2.879998;0.4191367;0.3281103;0.2900618;0.7746487;0.4921262;0.49043;0.4273072;0.3362808;0.2900618;0.7768185;0.4927848;0.4689972;False;0.01155481;1.040572;1;0;;;;;;;;1.24;3.69
;;2/24/2025 12:38:38 PM;0.8599997;2.879998;0.4273072;0.3264502;0.2900618;0.789469;0.483211;0.4859673;0.4273072;0.3362808;0.2900618;0.7768185;0.4927848;0.4689972;False;0.009830594;1.045427;1;0;;;;;;;;1.08;0.14
;;2/24/2025 12:38:38 PM;0.8599997;2.879998;0.4273072;0.3298075;0.2900618;0.785094;0.4865717;0.4801433;0.4273072;0.3362808;0.2900618;0.7768185;0.4927848;0.4689972;False;0.006473243;1.040991;1;0;;;;;;;;-9.03;-2.37
;;2/24/2025 12:38:38 PM;0.8599997;2.879998;0.4227299;0.3317035;0.2900618;0.7756171;0.49242;0.4810224;0.4273072;0.3362808;0.2900618;0.7768185;0.4927848;0.4689972;False;0.00647325;1.037035;1;0;;;;;;;;-4.96;3.7
;;2/24/2025 12:38:38 PM;0.8599997;2.879998;0.4354776;0.3444512;0.2900618;0.7788779;0.4934111;0.4473723;0.4273072;0.3362808;0.2900618;0.7768185;0.4927848;0.4689972;False;0.01155481;1.024816;1;0;;;;;;;;-4.639999;-3.23
;;2/24/2025 12:38:38 PM;0.26;2.079999;0.4354422;0.3362808;0.2900618;0.7890668;0.4857641;0.4614435;0.4273072;0.3362808;0.2900618;0.7768185;0.4927848;0.4689972;True;0.008135021;1.035144;1;0;;;;;;;;-8.97;2.29
;;2/24/2025 12:38:39 PM;0.6599999;3.199998;0.4307387;0.3397123;0.2900618;0.7776963;0.4930516;0.4599437;0.4273072;0.3362808;0.2900618;0.7768185;0.4927848;0.4689972;False;0.004852872;1.029301;1;0;;;;;;;;-5.17;0.64
;;2/24/2025 12:38:39 PM;0.6599999;3.199998;0.42858;0.335008;0.2900618;0.7803645;0.4904922;0.4700113;0.4273072;0.3362808;0.2900618;0.7768185;0.4927848;0.4689972;False;0.001800008;1.034631;1;0;;;;;;;;-3.15;-0.48
;;2/24/2025 12:38:39 PM;0.6599999;3.199998;0.4354776;0.3281103;0.2900618;0.7996877;0.4775053;0.4755941;0.4273072;0.3362808;0.2900618;0.7768185;0.4927848;0.4689972;False;0.01155481;1.045802;1;0;;;;;;;;1.24;3.69
;;2/24/2025 12:38:39 PM;0.6599999;3.199998;0.4406111;0.3362808;0.2900618;0.7967218;0.4812362;0.4565624;0.4273072;0.3362808;0.2900618;0.7768185;0.4927848;0.4689972;False;0.01330391;1.036727;1;0;;;;;;;;1.08;0.14
;;2/24/2025 12:38:39 PM;0.6599999;3.199998;0.4203559;0.3293295;0.2900618;0.7749799;0.4922266;0.4872406;0.4273072;0.3362808;0.2900618;0.7768185;0.4927848;0.4689972;False;0.009830605;1.039367;1;0;;;;;;;;-9.03;-2.37
;;2/24/2025 12:38:39 PM;0.6599999;3.199998;0.42858;0.3375536;0.2900618;0.7771463;0.4928844;0.4656434;0.4273072;0.3362808;0.2900618;0.7768185;0.4927848;0.4689972;False;0.001800008;1.031366;1;0;;;;;;;;-4.96;3.7
;;2/24/2025 12:38:39 PM;0.6599999;3.199998;0.4354776;0.3281103;0.2900618;0.7996877;0.4775053;0.4755941;0.4273072;0.3362808;0.2900618;0.7768185;0.4927848;0.4689972;False;0.01155481;1.045802;1;0;;;;;;;;-4.639999;-3.23
;;2/24/2025 12:38:39 PM;0.2;1.599999;0.4305938;0.3362808;0.2900618;0.7817971;0.4899636;0.465964;0.4273072;0.3362808;0.2900618;0.7768185;0.4927848;0.4689972;True;0.0032866;1.033631;1;0;;;;;;;;-8.97;2.29
;;2/24/2025 12:38:39 PM;0.6399999;3.519997;0.43216;0.3362808;0.2900618;0.7841552;0.488612;0.4645096;0.4273072;0.3362808;0.2900618;0.7768185;0.4927848;0.4689972;False;0.004852891;1.034123;1;0;;;;;;;;-5.17;0.64
;;2/24/2025 12:38:40 PM;0.6399999;3.519997;0.438862;0.3362808;0.2900618;0.7941422;0.4827743;0.4582214;0.4273072;0.3362808;0.2900618;0.7768185;0.4927848;0.4689972;False;0.01155481;1.036195;1;0;;;;;;;;-3.15;-0.48
;;2/24/2025 12:38:40 PM;0.6399999;3.519997;0.4273072;0.3344808;0.2900618;0.7790989;0.4910911;0.4720862;0.4273072;0.3362808;0.2900618;0.7768185;0.4927848;0.4689972;False;0.001800001;1.034906;1;0;;;;;;;;1.24;3.69
;;2/24/2025 12:38:40 PM;0.6399999;3.519997;0.4273072;0.3298075;0.2900618;0.785094;0.4865717;0.4801433;0.4273072;0.3362808;0.2900618;0.7768185;0.4927848;0.4689972;False;0.006473243;1.040991;1;0;;;;;;;;1.08;0.14
;;2/24/2025 12:38:40 PM;0.6399999;3.519997;0.42858;0.3375536;0.2900618;0.7771463;0.4928844;0.4656434;0.4273072;0.3362808;0.2900618;0.7768185;0.4927848;0.4689972;False;0.001800008;1.031366;1;0;;;;;;;;-9.03;-2.37
;;2/24/2025 12:38:40 PM;0.6399999;3.519997;0.4307387;0.3328493;0.2900618;0.7863922;0.4865321;0.4717425;0.4273072;0.3362808;0.2900618;0.7768185;0.4927848;0.4689972;False;0.004852872;1.038107;1;0;;;;;;;;-4.96;3.7
;;2/24/2025 12:38:40 PM;0.6399999;3.519997;0.4273072;0.3367808;0.2900618;0.7761878;0.4932507;0.4681406;0.4273072;0.3362808;0.2900618;0.7768185;0.4927848;0.4689972;False;0.0004999936;1.031949;1;0;;;;;;;;-4.639999;-3.23
;;2/24/2025 12:38:40 PM;0.24;1.919999;0.4273072;0.3495847;0.2900618;0.7604353;0.5045584;0.4463838;0.4273072;0.3362808;0.2900618;0.7768185;0.4927848;0.4689972;True;0.01330391;1.015923;1;0;;;;;;;;-8.97;2.29
;;2/24/2025 12:38:40 PM;0.6999999;3.679997;0.4269536;0.3359272;0.2900618;0.7767269;0.4927569;0.469928;0.4273072;0.3362808;0.2900618;0.7768185;0.4927848;0.4689972;False;0.0004999881;1.032931;1;0;;;;;;;;-5.17;0.64
;;2/24/2025 12:38:40 PM;0.6999999;3.679997;0.4330595;0.3420331;0.2900618;0.7782793;0.4932289;0.4537979;0.4273072;0.3362808;0.2900618;0.7768185;0.4927848;0.4689972;False;0.008135016;1.027096;1;0;;;;;;;;-3.15;-0.48
;;2/24/2025 12:38:40 PM;0.6999999;3.679997;0.4342585;0.3293295;0.2900618;0.7962586;0.479873;0.4745964;0.4273072;0.3362808;0.2900618;0.7768185;0.4927848;0.4689972;False;0.009830605;1.043814;1;0;;;;;;;;1.24;3.69
;;2/24/2025 12:38:40 PM;0.6999999;3.679997;0.4342584;0.343232;0.2900618;0.7785772;0.4933196;0.450615;0.4273072;0.3362808;0.2900618;0.7768185;0.4927848;0.4689972;False;0.009830584;1.025963;1;0;;;;;;;;1.08;0.14
;;2/24/2025 12:38:40 PM;0.6999999;3.679997;0.4191367;0.3281103;0.2900618;0.7746487;0.4921262;0.49043;0.4273072;0.3362808;0.2900618;0.7768185;0.4927848;0.4689972;False;0.01155481;1.040572;1;0;;;;;;;;-9.03;-2.37
;;2/24/2025 12:38:40 PM;0.6999999;3.679997;0.4215548;0.3420331;0.2900618;0.7608609;0.5027755;0.4644753;0.4273072;0.3362808;0.2900618;0.7768185;0.4927848;0.4689972;False;0.008135016;1.02344;1;0;;;;;;;;-4.96;3.7
;;2/24/2025 12:38:40 PM;0.6999999;3.679997;0.4260344;0.335008;0.2900618;0.7764879;0.4926844;0.4723465;0.4273072;0.3362808;0.2900618;0.7768185;0.4927848;0.4689972;False;0.001800008;1.033819;1;0;;;;;;;;-4.639999;-3.23
;;2/24/2025 12:38:41 PM;0.22;1.759999;0.4238757;0.3328493;0.2900618;0.7759212;0.4925123;0.4780171;0.4273072;0.3362808;0.2900618;0.7768185;0.4927848;0.4689972;True;0.004852872;1.035916;1;0;;;;;;;;-8.97;2.29
;;2/24/2025 12:38:41 PM;0.6799999;3.679997;0.4406111;0.3362808;0.2900618;0.7967218;0.4812362;0.4565624;0.4273072;0.3362808;0.2900618;0.7768185;0.4927848;0.4689972;False;0.01330391;1.036727;1;0;;;;;;;;-5.17;0.64
;;2/24/2025 12:38:41 PM;0.6799999;3.679997;0.4269536;0.3366343;0.2900618;0.7758344;0.4934162;0.4687164;0.4273072;0.3362808;0.2900618;0.7768185;0.4927848;0.4689972;False;0.0004999881;1.032024;1;0;;;;;;;;-3.15;-0.48
;;2/24/2025 12:38:41 PM;0.6799999;3.679997;0.4367144;0.345688;0.2900618;0.7791805;0.4935032;0.4440763;0.4273072;0.3362808;0.2900618;0.7768185;0.4927848;0.4689972;False;0.01330391;1.023656;1;0;;;;;;;;1.24;3.69
;;2/24/2025 12:38:41 PM;0.6799999;3.679997;0.4337804;0.3362808;0.2900618;0.7865851;0.4872086;0.462999;0.4273072;0.3362808;0.2900618;0.7768185;0.4927848;0.4689972;False;0.006473243;1.034629;1;0;;;;;;;;1.08;0.14
;;2/24/2025 12:38:41 PM;0.6799999;3.679997;0.4273072;0.3395674;0.2900618;0.7726948;0.4958126;0.4633766;0.4273072;0.3362808;0.2900618;0.7768185;0.4927848;0.4689972;False;0.0032866;1.028399;1;0;;;;;;;;-9.03;-2.37
;;2/24/2025 12:38:41 PM;0.6799999;3.679997;0.4307387;0.3397123;0.2900618;0.7776963;0.4930516;0.4599437;0.4273072;0.3362808;0.2900618;0.7768185;0.4927848;0.4689972;False;0.004852872;1.029301;1;0;;;;;;;;-4.96;3.7
;;2/24/2025 12:38:41 PM;0.6799999;3.679997;0.4354422;0.3362808;0.2900618;0.7890668;0.4857641;0.4614435;0.4273072;0.3362808;0.2900618;0.7768185;0.4927848;0.4689972;False;0.008135021;1.035144;1;0;;;;;;;;-4.639999;-3.23
;;2/24/2025 12:38:42 PM;0.2;0.4;0.4367144;0.3268735;0.2900618;0.8031727;0.4750701;0.4766111;0.4273072;0.3362808;0.2900618;0.7768185;0.4927848;0.4689972;True;0.01330391;1.047825;1;0;;;;;;;;-8.97;2.29
;;2/24/2025 12:38:42 PM;0.8999997;1.399999;0.4140033;0.3362808;0.2900618;0.756225;0.5040022;0.4810321;0.4273072;0.3362808;0.2900618;0.7768185;0.4927848;0.4689972;False;0.01330391;1.028244;1;0;;;;;;;;-5.17;0.64
;;2/24/2025 12:38:44 PM;0.9399996;30.0805;0.4371741;0.3461477;0.2900618;0.7792923;0.4935372;0.4428498;0.4273072;0.3362808;0.2900618;0.7768185;0.4927848;0.4689972;True;0.01395389;1.023226;1;2;;;;;;;;-6.692371;0.6028671
;;2/24/2025 12:38:45 PM;1.699999;23.56035;0.4220369;0.3310106;0.2900618;0.7754321;0.4923638;0.4828385;0.4273072;0.3362808;0.2900618;0.7768185;0.4927848;0.4689972;True;0.007453206;1.037714;1;2;;;;;;;;9;3
;;2/24/2025 12:38:45 PM;1.699999;0;0.4220369;0.3310106;0.2900618;0.7754321;0.4923638;0.4828385;0.4273072;0.3362808;0.2900618;0.7768185;0.4927848;0.4689972;True;0.007453206;1.037714;1;2;;;;;;;;9;3
;;2/24/2025 12:38:45 PM;1.699999;0;0.4273072;0.3502347;0.2900618;0.7596554;0.5051022;0.4452876;0.4273072;0.3362808;0.2900618;0.7768185;0.4927848;0.4689972;True;0.01395389;1.015128;1;2;;;;;;;;9;1.4
;;2/24/2025 12:38:45 PM;1.699999;0;0.4273072;0.3502347;0.2900618;0.7596554;0.5051022;0.4452876;0.4273072;0.3362808;0.2900618;0.7768185;0.4927848;0.4689972;True;0.01395389;1.015128;1;2;;;;;;;;9;1.4
;;2/24/2025 12:38:45 PM;1.699999;0;0.4243353;0.3333089;0.2900618;0.7760425;0.4925491;0.4768107;0.4273072;0.3362808;0.2900618;0.7768185;0.4927848;0.4689972;True;0.004202884;1.035468;1;2;;;;;;;;9;-0.2
;;2/24/2025 12:38:45 PM;1.699999;0;0.4243353;0.3333089;0.2900618;0.7760425;0.4925491;0.4768107;0.4273072;0.3362808;0.2900618;0.7768185;0.4927848;0.4689972;True;0.004202884;1.035468;1;2;;;;;;;;9;-0.2
;;2/24/2025 12:38:45 PM;1.699999;0;0.4273072;0.3272448;0.2900618;0.7884283;0.4840154;0.484586;0.4273072;0.3362808;0.2900618;0.7768185;0.4927848;0.4689972;True;0.009035945;1.044372;1;2;;;;;;;;9;-1.8
;;2/24/2025 12:38:45 PM;1.699999;0;0.4273072;0.3272448;0.2900618;0.7884283;0.4840154;0.484586;0.4273072;0.3362808;0.2900618;0.7768185;0.4927848;0.4689972;True;0.009035945;1.044372;1;2;;;;;;;;9;-1.8
;;2/24/2025 12:38:45 PM;1.699999;0;0.4412611;0.3362808;0.2900618;0.7976776;0.480663;0.455944;0.4273072;0.3362808;0.2900618;0.7768185;0.4927848;0.4689972;True;0.01395389;1.036924;1;2;;;;;;;;7.400001;3
;;2/24/2025 12:38:45 PM;1.699999;0;0.4412611;0.3362808;0.2900618;0.7976776;0.480663;0.455944;0.4273072;0.3362808;0.2900618;0.7768185;0.4927848;0.4689972;True;0.01395389;1.036924;1;2;;;;;;;;7.400001;3
;;2/24/2025 12:38:45 PM;1.699999;0;0.4305254;0.339499;0.2900618;0.7776423;0.4930351;0.4605074;0.4273072;0.3362808;0.2900618;0.7768185;0.4927848;0.4689972;True;0.004551312;1.029504;1;2;;;;;;;;7.400001;1.4
;;2/24/2025 12:38:45 PM;1.699999;0;0.4305254;0.339499;0.2900618;0.7776423;0.4930351;0.4605074;0.4273072;0.3362808;0.2900618;0.7768185;0.4927848;0.4689972;True;0.004551312;1.029504;1;2;;;;;;;;7.400001;1.4
;;2/24/2025 12:38:45 PM;1.699999;0;0.4272011;0.3361747;0.2900618;0.776791;0.4927764;0.4692765;0.4273072;0.3362808;0.2900618;0.7768185;0.4927848;0.4689972;True;0.0001500006;1.032692;1;2;;;;;;;;7.400001;-0.2
;;2/24/2025 12:38:45 PM;1.699999;0;0.4272011;0.3361747;0.2900618;0.776791;0.4927764;0.4692765;0.4273072;0.3362808;0.2900618;0.7768185;0.4927848;0.4689972;True;0.0001500006;1.032692;1;2;;;;;;;;7.400001;-0.2
;;2/24/2025 12:38:45 PM;1.699999;0;0.4273072;0.3389174;0.2900618;0.7735062;0.4952202;0.4644863;0.4273072;0.3362808;0.2900618;0.7768185;0.4927848;0.4689972;True;0.002636611;1.029224;1;2;;;;;;;;7.400001;-1.8
;;2/24/2025 12:38:45 PM;1.699999;0;0.4273072;0.3389174;0.2900618;0.7735062;0.4952202;0.4644863;0.4273072;0.3362808;0.2900618;0.7768185;0.4927848;0.4689972;True;0.002636611;1.029224;1;2;;;;;;;;7.400001;-1.8
;;2/24/2025 12:38:45 PM;1.699999;0;0.4274132;0.3361747;0.2900618;0.7771137;0.4925949;0.4690815;0.4273072;0.3362808;0.2900618;0.7768185;0.4927848;0.4689972;True;0.0001500006;1.03276;1;2;;;;;;;;5.8;3
;;2/24/2025 12:38:45 PM;1.699999;0;0.4274132;0.3361747;0.2900618;0.7771137;0.4925949;0.4690815;0.4273072;0.3362808;0.2900618;0.7768185;0.4927848;0.4689972;True;0.0001500006;1.03276;1;2;;;;;;;;5.8;3
;;2/24/2025 12:38:45 PM;1.699999;0;0.4273072;0.3464622;0.2900618;0.7642079;0.5019069;0.4516599;0.4273072;0.3362808;0.2900618;0.7768185;0.4927848;0.4689972;True;0.01018146;1.019765;1;2;;;;;;;;5.8;1.4
;;2/24/2025 12:38:45 PM;1.699999;0;0.4273072;0.3464622;0.2900618;0.7642079;0.5019069;0.4516599;0.4273072;0.3362808;0.2900618;0.7768185;0.4927848;0.4689972;True;0.01018146;1.019765;1;2;;;;;;;;5.8;1.4
;;2/24/2025 12:38:45 PM;1.699999;0;0.4174403;0.3264139;0.2900618;0.7741836;0.4919852;0.4948638;0.4273072;0.3362808;0.2900618;0.7768185;0.4927848;0.4689972;True;0.01395389;1.042257;1;2;;;;;;;;5.8;-0.2
;;2/24/2025 12:38:45 PM;1.699999;0;0.4174403;0.3264139;0.2900618;0.7741836;0.4919852;0.4948638;0.4273072;0.3362808;0.2900618;0.7768185;0.4927848;0.4689972;True;0.01395389;1.042257;1;2;;;;;;;;5.8;-0.2
;;2/24/2025 12:38:45 PM;1.699999;0;0.4133533;0.3362808;0.2900618;0.7552;0.5045422;0.4816104;0.4273072;0.3362808;0.2900618;0.7768185;0.4927848;0.4689972;True;0.01395389;1.028026;1;2;;;;;;;;5.8;-1.8
;;2/24/2025 12:38:45 PM;1.699999;0;0.4133533;0.3362808;0.2900618;0.7552;0.5045422;0.4816104;0.4273072;0.3362808;0.2900618;0.7768185;0.4927848;0.4689972;True;0.01395389;1.028026;1;2;;;;;;;;5.8;-1.8
;;2/24/2025 12:38:45 PM;1.699999;0;0.4299438;0.3362808;0.2900618;0.7808158;0.4905232;0.4665658;0.4273072;0.3362808;0.2900618;0.7768185;0.4927848;0.4689972;True;0.002636611;1.033426;1;2;;;;;;;;4.200001;3
;;2/24/2025 12:38:45 PM;1.699999;0;0.4299438;0.3362808;0.2900618;0.7808158;0.4905232;0.4665658;0.4273072;0.3362808;0.2900618;0.7768185;0.4927848;0.4689972;True;0.002636611;1.033426;1;2;;;;;;;;4.200001;3
;;2/24/2025 12:38:45 PM;1.699999;0;0.4207646;0.3428233;0.2900618;0.7586769;0.5041028;0.4638616;0.4273072;0.3362808;0.2900618;0.7768185;0.4927848;0.4689972;True;0.009252582;1.022193;1;2;;;;;;;;4.200001;1.4
;;2/24/2025 12:38:45 PM;1.699999;0;0.4207646;0.3428233;0.2900618;0.7586769;0.5041028;0.4638616;0.4273072;0.3362808;0.2900618;0.7768185;0.4927848;0.4689972;True;0.009252582;1.022193;1;2;;;;;;;;4.200001;1.4
;;2/24/2025 12:38:45 PM;1.699999;0;0.4273072;0.3426898;0.2900618;0.7688242;0.4986145;0.4580586;0.4273072;0.3362808;0.2900618;0.7768185;0.4927848;0.4689972;True;0.006409049;1.024463;1;2;;;;;;;;4.200001;-0.2
;;2/24/2025 12:38:45 PM;1.699999;0;0.4273072;0.3426898;0.2900618;0.7688242;0.4986145;0.4580586;0.4273072;0.3362808;0.2900618;0.7768185;0.4927848;0.4689972;True;0.006409049;1.024463;1;2;;;;;;;;4.200001;-0.2
;;2/24/2025 12:38:45 PM;1.699999;0;0.4273072;0.3357808;0.2900618;0.7774503;0.4923169;0.4698545;0.4273072;0.3362808;0.2900618;0.7768185;0.4927848;0.4689972;True;0.0004999936;1.033232;1;2;;;;;;;;4.200001;-1.8
;;2/24/2025 12:38:45 PM;1.699999;0;0.4273072;0.3357808;0.2900618;0.7774503;0.4923169;0.4698545;0.4273072;0.3362808;0.2900618;0.7768185;0.4927848;0.4689972;True;0.0004999936;1.033232;1;2;;;;;;;;4.200001;-1.8
;;2/24/2025 12:38:45 PM;1.699999;0;0.4305254;0.3330625;0.2900618;0.785796;0.4869274;0.4715708;0.4273072;0.3362808;0.2900618;0.7768185;0.4927848;0.4689972;True;0.004551312;1.037763;1;2;;;;;;;;2.6;3
;;2/24/2025 12:38:45 PM;1.699999;0;0.4305254;0.3330625;0.2900618;0.785796;0.4869274;0.4715708;0.4273072;0.3362808;0.2900618;0.7768185;0.4927848;0.4689972;True;0.004551312;1.037763;1;2;;;;;;;;2.6;3
;;2/24/2025 12:38:45 PM;1.699999;0;0.4171257;0.3362808;0.2900618;0.7611237;0.5013978;0.4782416;0.4273072;0.3362808;0.2900618;0.7768185;0.4927848;0.4689972;True;0.01018146;1.029283;1;2;;;;;;;;2.6;1.4
;;2/24/2025 12:38:45 PM;1.699999;0;0.4171257;0.3362808;0.2900618;0.7611237;0.5013978;0.4782416;0.4273072;0.3362808;0.2900618;0.7768185;0.4927848;0.4689972;True;0.01018146;1.029283;1;2;;;;;;;;2.6;1.4
;;2/24/2025 12:38:45 PM;1.699999;0;0.4246705;0.3362808;0.2900618;0.772794;0.4950334;0.471413;0.4273072;0.3362808;0.2900618;0.7768185;0.4927848;0.4689972;True;0.002636611;1.031746;1;2;;;;;;;;2.6;-0.2
;;2/24/2025 12:38:45 PM;1.699999;0;0.4246705;0.3362808;0.2900618;0.772794;0.4950334;0.471413;0.4273072;0.3362808;0.2900618;0.7768185;0.4927848;0.4689972;True;0.002636611;1.031746;1;2;;;;;;;;2.6;-0.2
;;2/24/2025 12:38:45 PM;1.699999;0;0.4273072;0.3229769;0.2900618;0.7940566;0.4796285;0.492026;0.4273072;0.3362808;0.2900618;0.7768185;0.4927848;0.4689972;True;0.01330391;1.050076;1;2;;;;;;;;2.6;-1.8
;;2/24/2025 12:38:45 PM;1.699999;0;0.4273072;0.3229769;0.2900618;0.7940566;0.4796285;0.492026;0.4273072;0.3362808;0.2900618;0.7768185;0.4927848;0.4689972;True;0.01330391;1.050076;1;2;;;;;;;;2.6;-1.8
;;2/24/2025 12:38:45 PM;1.699999;0;0.4337162;0.3362808;0.2900618;0.786489;0.4872643;0.463059;0.4273072;0.3362808;0.2900618;0.7768185;0.4927848;0.4689972;True;0.006409049;1.034609;1;2;;;;;;;;1;3
;;2/24/2025 12:38:45 PM;1.699999;0;0.4337162;0.3362808;0.2900618;0.786489;0.4872643;0.463059;0.4273072;0.3362808;0.2900618;0.7768185;0.4927848;0.4689972;True;0.006409049;1.034609;1;2;;;;;;;;1;3
;;2/24/2025 12:38:45 PM;1.699999;0;0.4208981;0.3362808;0.2900618;0.7669878;0.4982284;0.4748427;0.4273072;0.3362808;0.2900618;0.7768185;0.4927848;0.4689972;True;0.006409049;1.030523;1;2;;;;;;;;1;1.4
;;2/24/2025 12:38:45 PM;1.699999;0;0.4208981;0.3362808;0.2900618;0.7669878;0.4982284;0.4748427;0.4273072;0.3362808;0.2900618;0.7768185;0.4927848;0.4689972;True;0.006409049;1.030523;1;2;;;;;;;;1;1.4
;;2/24/2025 12:38:45 PM;1.699999;0;0.4197386;0.3287122;0.2900618;0.7748126;0.4921759;0.4888557;0.4273072;0.3362808;0.2900618;0.7768185;0.4927848;0.4689972;True;0.01070357;1.039977;1;2;;;;;;;;1;-0.2
;;2/24/2025 12:38:45 PM;1.699999;0;0.4197386;0.3287122;0.2900618;0.7748126;0.4921759;0.4888557;0.4273072;0.3362808;0.2900618;0.7768185;0.4927848;0.4689972;True;0.01070357;1.039977;1;2;;;;;;;;1;-0.2
;;2/24/2025 12:38:45 PM;1.699999;0;0.4371741;0.3264139;0.2900618;0.8044694;0.4741564;0.4769904;0.4273072;0.3362808;0.2900618;0.7768185;0.4927848;0.4689972;True;0.01395389;1.048578;1;2;;;;;;;;1;-1.8
;;2/24/2025 12:38:45 PM;1.699999;0;0.4371741;0.3264139;0.2900618;0.8044694;0.4741564;0.4769904;0.4273072;0.3362808;0.2900618;0.7768185;0.4927848;0.4689972;True;0.01395389;1.048578;1;2;;;;;;;;1;-1.8
;;2/24/2025 12:38:45 PM;1.699999;0;0.4240889;0.339499;0.2900618;0.7678773;0.4984471;0.4664552;0.4273072;0.3362808;0.2900618;0.7768185;0.4927848;0.4689972;True;0.004551312;1.027456;1;2;;;;;;;;-0.5976977;2.999845
;;2/24/2025 12:38:45 PM;1.699999;0;0.4240889;0.339499;0.2900618;0.7678773;0.4984471;0.4664552;0.4273072;0.3362808;0.2900618;0.7768185;0.4927848;0.4689972;True;0.004551312;1.027456;1;2;;;;;;;;-0.5976977;2.999845
;;2/24/2025 12:38:45 PM;1.699999;0;0.4272011;0.3363868;0.2900618;0.7765232;0.4929745;0.468913;0.4273072;0.3362808;0.2900618;0.7768185;0.4927848;0.4689972;True;0.0001500006;1.03242;1;2;;;;;;;;-0.5999997;-0.2
;;2/24/2025 12:38:45 PM;1.699999;0;0.4272011;0.3363868;0.2900618;0.7765232;0.4929745;0.468913;0.4273072;0.3362808;0.2900618;0.7768185;0.4927848;0.4689972;True;0.0001500006;1.03242;1;2;;;;;;;;-0.5999997;-0.2
;;2/24/2025 12:38:45 PM;1.699999;0;0.4338497;0.3428233;0.2900618;0.7784759;0.4932888;0.4517007;0.4273072;0.3362808;0.2900618;0.7768185;0.4927848;0.4689972;True;0.009252582;1.026349;1;2;;;;;;;;-0.5999997;-1.8
;;2/24/2025 12:38:45 PM;1.699999;0;0.4338497;0.3428233;0.2900618;0.7784759;0.4932888;0.4517007;0.4273072;0.3362808;0.2900618;0.7768185;0.4927848;0.4689972;True;0.009252582;1.026349;1;2;;;;;;;;-0.5999997;-1.8
;;2/24/2025 12:38:45 PM;1.699999;0;0.4374886;0.3362808;0.2900618;0.7921091;0.4839778;0.4595187;0.4273072;0.3362808;0.2900618;0.7768185;0.4927848;0.4689972;True;0.01018146;1.035774;1;2;;;;;;;;-2.147615;3.106847
;;2/24/2025 12:38:45 PM;1.699999;0;0.4374886;0.3362808;0.2900618;0.7921091;0.4839778;0.4595187;0.4273072;0.3362808;0.2900618;0.7768185;0.4927848;0.4689972;True;0.01018146;1.035774;1;2;;;;;;;;-2.147615;3.106847
;;2/24/2025 12:38:45 PM;1.699999;0;0.4338497;0.3297382;0.2900618;0.7951103;0.4806596;0.474263;0.4273072;0.3362808;0.2900618;0.7768185;0.4927848;0.4689972;True;0.009252582;1.043149;1;2;;;;;;;;-2.855566;1.723926
;;2/24/2025 12:38:45 PM;1.699999;0;0.4338497;0.3297382;0.2900618;0.7951103;0.4806596;0.474263;0.4273072;0.3362808;0.2900618;0.7768185;0.4927848;0.4689972;True;0.009252582;1.043149;1;2;;;;;;;;-2.855566;1.723926
;;2/24/2025 12:38:45 PM;1.699999;0;0.4273072;0.3315128;0.2900618;0.7828938;0.4882418;0.4771968;0.4273072;0.3362808;0.2900618;0.7768185;0.4927848;0.4689972;True;0.004767954;1.038759;1;2;;;;;;;;-2.178483;-0.2792064
;;2/24/2025 12:38:45 PM;1.699999;0;0.4273072;0.3315128;0.2900618;0.7828938;0.4882418;0.4771968;0.4273072;0.3362808;0.2900618;0.7768185;0.4927848;0.4689972;True;0.004767954;1.038759;1;2;;;;;;;;-2.178483;-0.2792064
;;2/24/2025 12:38:45 PM;1.699999;0;0.4174403;0.3461477;0.2900618;0.7495095;0.5095733;0.4613002;0.4273072;0.3362808;0.2900618;0.7768185;0.4927848;0.4689972;True;0.01395389;1.01697;1;2;;;;;;;;-2.200426;-1.832703
;;2/24/2025 12:38:45 PM;1.699999;0;0.4174403;0.3461477;0.2900618;0.7495095;0.5095733;0.4613002;0.4273072;0.3362808;0.2900618;0.7768185;0.4927848;0.4689972;True;0.01395389;1.01697;1;2;;;;;;;;-2.200426;-1.832703
